"URL","title"
"https://github.com/cpsource/UFT/blob/main/mdgithub/explore-1/README-top.md","README-top.md"
"https://github.com/cpsource/UFT/blob/main/mdgithub/explore-1/README-point-first-pass.md","README-point-first-pass.md"
"https://github.com/cpsource/UFT/blob/main/mdgithub/explore-1/README-fission-vs-fusion.md","README-fission-vs-fusion.md"
"https://github.com/cpsource/UFT/blob/main/mdgithub/explore-1/README-gravity-changes.md","README-gravity-changes.md"
"https://github.com/cpsource/UFT/blob/main/mdgithub/explore-1/README-point-is-1d.md","README-point-is-1d.md"
"https://github.com/cpsource/UFT/blob/main/mdgithub/explore-1/README-minimal-properties-of-a-point.md","README-minimal-properties-of-a-point.md"
"https://github.com/cpsource/UFT/blob/main/mdgithub/explore-1/README-is-energy-intrinsic.md","README-is-energy-intrinsic.md"
"https://github.com/cpsource/UFT/blob/main/mdgithub/explore-1/README-getting-toward-emc2.md","README-getting-toward-emc2.md"
"https://github.com/cpsource/UFT/blob/main/mdgithub/explore-1/README-conways.md","README-conways.md"
"https://github.com/cpsource/UFT/blob/main/mdgithub/explore-1/README-boundry-conditions.md","README-boundry-conditions.md"
"https://github.com/cpsource/UFT/blob/main/mdgithub/explore-1/README-tesselations.md","README-tesselations.md"
"https://github.com/cpsource/UFT/blob/main/mdgithub/explore-1/README-relativity.md","README-relativity.md"
"https://github.com/cpsource/UFT/blob/main/mdgithub/explore-1/README-c-speed.md","README-c-speed.md"
"https://github.com/cpsource/UFT/blob/main/mdgithub/explore-1/README-uft-interaction.md","README-uft-interaction.md"
"https://github.com/cpsource/UFT/blob/main/mdgithub/explore-1/README-more-on-c.md","README-more-on-c.md"
"https://github.com/cpsource/UFT/blob/main/mdgithub/explore-1/README-why-Prop.md","README-why-Prop.md"
"https://github.com/cpsource/UFT/blob/main/mdgithub/explore-1/README-assign-real-values.md","README-assign-real-values.md"
"https://github.com/cpsource/UFT/blob/main/mdgithub/explore-1/README-tension-and-intertia-defined.md","README-tension-and-intertia-defined.md"
"https://github.com/cpsource/UFT/blob/main/mdgithub/explore-1/README-quantum-effects.md","README-quantum-effects.md"
"https://github.com/cpsource/UFT/blob/main/mdgithub/explore-1/README-attraction-becomes-repulsion.md","README-attraction-becomes-repulsion.md"
"https://github.com/cpsource/UFT/blob/main/mdgithub/explore-1/README-no-repulsion.md","README-no-repulsion.md"
"https://github.com/cpsource/UFT/blob/main/mdgithub/explore-1/README-temperature.md","README-temperature.md"
"https://github.com/cpsource/UFT/blob/main/mdgithub/explore-1/README-temperature-and-mc2.md","README-temperature-and-mc2.md"
"https://github.com/cpsource/UFT/blob/main/mdgithub/explore-1/README-more-on-temperature.md","README-more-on-temperature.md"
"https://github.com/cpsource/UFT/blob/main/mdgithub/explore-1/README-relativism-and-temperature.md","README-relativism-and-temperature.md"
"https://github.com/cpsource/UFT/blob/main/mdgithub/explore-1/README-fine-structure-constant.md","README-fine-structure-constant.md"
"https://github.com/cpsource/UFT/blob/main/mdgithub/explore-1/README-fine-structure-uft-point.md","README-fine-structure-uft-point.md"
"https://github.com/cpsource/UFT/blob/main/mdgithub/explore-1/README-alpha-and-c.md","README-alpha-and-c.md"
"https://github.com/cpsource/UFT/blob/main/mdgithub/explore-1/README-1divalpha-and-c.md","README-1divalpha-and-c.md"
"https://github.com/cpsource/UFT/blob/main/mdgithub/explore-1/README-1divr-line.md","README-1divr-line.md"
"https://github.com/cpsource/UFT/blob/main/mdgithub/explore-1/README-1divr-line-1.md","README-1divr-line-1.md"
"https://github.com/cpsource/UFT/blob/main/mdgithub/explore-1/README-apply.md","README-apply.md"
"https://github.com/cpsource/UFT/blob/main/mdgithub/explore-1/README-curvature.md","README-curvature.md"
